<?xml version="1.0" encoding="UTF-8"?>
<project-private xmlns="http://www.netbeans.org/ns/project-private/1">
    <editor-bookmarks xmlns="http://www.netbeans.org/ns/editor-bookmarks/1"/>
    <editor-bookmarks xmlns="http://www.netbeans.org/ns/editor-bookmarks/2" lastBookmarkId="0"/>
    <open-files xmlns="http://www.netbeans.org/ns/projectui-open-files/2">
        <group>
            <file>file:/C:/work/PrototypeDemo/src/com/github/seaweedreports/TestMappedXmlReport.java</file>
            <file>file:/C:/work/PrototypeDemo/src/com/github/seaweedreports/resources/VariousTestsApp.properties</file>
            <file>file:/C:/work/PrototypeDemo/src/com/github/seaweedreports/TestStringDataInterfaceImpl.java</file>
            <file>file:/C:/work/PrototypeDemo/src/com/github/seaweedreports/VariousTestsApp.java</file>
            <file>file:/C:/work/PrototypeDemo/src/com/github/seaweedreports/VariousTestsView.java</file>
            <file>file:/C:/work/PrototypeDemo/src/com/github/seaweedreports/LogFactory.java</file>
            <file>file:/C:/work/PrototypeDemo/src/META-INF/services/org.jdesktop.application.Application</file>
            <file>file:/C:/work/PrototypeDemo/src/com/github/seaweedreports/DomErrorHandler.java</file>
            <file>file:/C:/work/PrototypeDemo/src/com/github/seaweedreports/IStringDataInterface.java</file>
            <file>file:/C:/work/PrototypeDemo/src/com/github/seaweedreports/resources/VariousTestsAboutBox.properties</file>
            <file>file:/C:/work/PrototypeDemo/src/com/github/seaweedreports/VariousTestsAboutBox.java</file>
            <file>file:/C:/work/PrototypeDemo/src/com/github/seaweedreports/resources/VariousTestsView.properties</file>
        </group>
    </open-files>
</project-private>
